"Bug ID","Product","Component","Assignee","Status","Resolution","Summary","Changed"
457685,"JDT","Text","daniel_megert","RESOLVED","WORKSFORME","[console] A lot of CPU wasted when console fills horizontally","2015-04-24 07:44:23"
540114,"JDT","Core","jdt-core-inbox","RESOLVED","WORKSFORME","Issue while migrating java 11","2018-10-14 14:30:47"
534797,"JDT","UI","jdt-ui-inbox","RESOLVED","WORKSFORME","Eclipse freezes on CTRL while hovering comment","2018-05-17 06:27:35"
537552,"JDT","UI","jdt-ui-inbox","RESOLVED","WORKSFORME","Code Editor window is flickering","2018-08-02 12:22:05"
496338,"JDT","Core","stephan.herrmann","CLOSED","WORKSFORME","Eclipse enters deadlock when running a project or making a new project","2019-01-31 14:47:08"
476042,"JDT","UI","jdt-ui-inbox","RESOLVED","WORKSFORME","Adding file to build path and dragging it back destroys the file","2016-04-05 19:38:15"
539458,"JDT","Core","jdt-core-inbox","CLOSED","WORKSFORME","[9]Random compilation error: The package does not exist or is empty","2018-09-26 11:15:17"
525408,"JDT","Core","stephan.herrmann","RESOLVED","WORKSFORME","ERROR WHEN OPENING ECLIPSE NEON, on MacBook pro","2019-11-26 08:35:53"
550797,"JDT","Core","jdt-core-inbox","RESOLVED","WORKSFORME","Tons of JavaBuilder handling CoreExceptions  - File not found","2019-09-05 11:39:26"
525831,"JDT","Debug","sarika.sinha","RESOLVED","WORKSFORME","Access rules not working when running with Java 9 JRE","2018-04-24 11:24:00"
526340,"JDT","UI","jdt-ui-inbox","RESOLVED","WORKSFORME","Project cannot export as runnable jar by Java 9","2017-12-23 21:22:47"
478383,"JDT","UI","jdt-ui-inbox","RESOLVED","WORKSFORME","Eclipse Luna SR1 4.4.2 hangs when creating index sometimes","2015-12-11 07:58:25"
488128,"JDT","Core","stephan.herrmann","CLOSED","WORKSFORME","JavaReconciler: Too many open files","2016-02-23 12:13:28"
548525,"JDT","Core","jdt-core-inbox","RESOLVED","WORKSFORME","Formatting Java Source causes Eclipse to run out of heap space","2019-06-21 16:58:12"
534944,"JDT","UI","jdt-ui-inbox","RESOLVED","WORKSFORME","Refactor-Rename not working - ""java.lang.NoSuchMethodError: org.eclipse.jdt.core.dom.SimpleName.isVar()Z""","2018-05-22 12:20:38"
544825,"JDT","Core","stephan.herrmann","RESOLVED","WORKSFORME","Java 11 compiler error ""The type java.util.ArrayList cannot be resolved""","2019-02-26 09:49:48"
460931,"JDT","UI","jdt-ui-inbox","RESOLVED","WORKSFORME","code file is completely destroyed after power saving","2015-06-10 02:54:56"
549569,"JDT","UI","stephan.herrmann","RESOLVED","WORKSFORME","[completion] javaCompletionProposalComputer is called even when it is disabled in preference","2019-07-28 13:09:20"
479975,"JDT","UI","jdt-ui-inbox","RESOLVED","WORKSFORME","Eclipse randomly freezes during editing Java source code.","2015-12-11 09:21:41"
522661,"JDT","Core","jdt-core-inbox","RESOLVED","WORKSFORME","Patch to support Java 9","2017-10-03 05:17:56"
511786,"JDT","Core","jdt-core-inbox","RESOLVED","WORKSFORME","[newindex] blocks startup in JarPackageFragmentRoot.computeChildren","2017-02-07 08:01:56"
498170,"JDT","Text","jdt-text-inbox","RESOLVED","WORKSFORME","Print Margin is broken for NEON","2016-08-08 05:39:39"
472692,"JDT","Core","jdt-core-inbox","RESOLVED","WORKSFORME","JDT Itype resolveType takes more time in eclipse 4.4.x","2018-12-05 03:29:31"
476659,"JDT","Core","stephan.herrmann","RESOLVED","WORKSFORME","Eclipse fails to compile project which JDK 8 does compile fine","2019-11-28 15:21:56"
480886,"JDT","Core","stephan.herrmann","RESOLVED","WORKSFORME","[1.8] VerifyError when method reference is used as a lambda body","2019-02-27 20:10:02"
487502,"JDT","Core","mateusz.matela","RESOLVED","WORKSFORME","Java code style","2016-03-19 10:22:55"
525489,"JDT","Debug","sarika.sinha","RESOLVED","WORKSFORME","[9] Eclipse not installing","2017-10-03 05:36:28"
464560,"JDT","Debug","sarika.sinha","RESOLVED","WORKSFORME","Eclipse hangs on switching to expressions view","2019-02-08 01:27:31"
473595,"JDT","Core","stephan.herrmann","RESOLVED","WORKSFORME","Stuck at building workspace","2018-03-08 18:22:26"
481973,"JDT","UI","jdt-ui-inbox","RESOLVED","WORKSFORME","Eclipse Mars will not/cannot create the .classpath file when updating the build path for a project (Windows 10)","2015-11-16 07:07:12"
458853,"JDT","Text","jdt-text-inbox","RESOLVED","WORKSFORME","[content assist] Java content assist fails with ClassCastException in certain conditions","2015-03-05 05:33:23"
537243,"JDT","UI","jdt-ui-inbox","RESOLVED","WORKSFORME","UI Freezes when using Hierarchical Package Presentation","2018-09-07 13:41:31"
541682,"JDT","UI","jdt-ui-inbox","RESOLVED","WORKSFORME","Eclipse should refer to JDK version, when performing Save Action(s) ""adding @Override annotation"" OR having and ability to act differently on a per-file base.","2019-02-27 04:28:37"
471643,"JDT","UI","jdt-ui-inbox","RESOLVED","WORKSFORME","Jar creation slower on Mars and Linux","2016-06-23 11:38:09"
490636,"JDT","Core","jdt-core-inbox","CLOSED","WORKSFORME","NPE in Scope.getMethod while compiling Java","2016-04-01 22:46:40"
550105,"JDT","UI","kalyan_prasad","RESOLVED","WORKSFORME","[13][quick fix] Text Block: No Quick fix to enable preview feature when using text block","2019-09-12 02:53:33"
480033,"JDT","UI","jdt-ui-inbox","RESOLVED","WORKSFORME","Eclipse stuck in infinite loading when using Dark theme","2016-05-24 04:51:45"
538995,"JDT","UI","stephan.herrmann","CLOSED","WORKSFORME","Project that depends on org.eclipse.jdt.ui.tests.refactoring was building under Oxygen, but won't build in Photon","2018-10-09 12:33:42"
517782,"JDT","Core","jdt-core-inbox","RESOLVED","WORKSFORME","Java 9 Support (BETA) install fails","2017-06-06 22:17:01"
486415,"JDT","Core","jdt-core-inbox","RESOLVED","WORKSFORME","Error when trying to move classes to a sub-package","2017-01-16 10:05:17"
461365,"JDT","UI","stephan.herrmann","RESOLVED","WORKSFORME","MalformedTreeException: End position lies outside document range","2019-11-21 09:06:40"
491981,"JDT","Debug","sarika.sinha","RESOLVED","WORKSFORME","source lookup unpredictable and cannot be influenced","2019-10-22 07:09:56"
467297,"JDT","Core","stephan.herrmann","RESOLVED","WORKSFORME","JavaModelException in PackageFragmentRoot.getResolvedClasspathEntry (578)","2019-09-05 10:14:21"
544939,"JDT","Core","jdt-core-inbox","RESOLVED","WORKSFORME","[search] NPE during search for references","2019-03-01 05:08:02"
528259,"JDT","UI","jdt-ui-inbox","RESOLVED","WORKSFORME","CopyToClipboardActionTest testDisabled10 to testDisabled23 failed in build","2017-12-11 23:58:33"
497175,"JDT","UI","jdt-ui-inbox","RESOLVED","WORKSFORME","Java Editor reacts very slow / laggy on large source files in Eclipse Neon","2018-06-10 15:41:01"
472241,"JDT","Core","stephan.herrmann","RESOLVED","WORKSFORME","AbortCompilation in ProblemHandler.handle (157)","2019-05-30 17:04:33"
546731,"JDT","UI","jdt-ui-inbox","RESOLVED","WORKSFORME","Avoid / delay showing busy cursor during save","2019-10-28 06:58:11"
532982,"JDT","Text","jdt-text-inbox","RESOLVED","WORKSFORME","Photon 4.8 M6 - autocomplete suggestion have black background","2018-04-06 10:55:51"
506321,"JDT","UI","markus.kell.r","RESOLVED","WORKSFORME","[1.9] Missing icon under module-info.class","2017-07-21 05:15:35"
550223,"JDT","UI","jdt-ui-inbox","RESOLVED","WORKSFORME","Update wizard elements to use hash code lookup for viewers","2019-09-26 14:01:44"
535770,"JDT","UI","stephan.herrmann","RESOLVED","WORKSFORME","Error during computation of Annotate proposals: (org.eclipse.jdt.internal.corext.fix.ExternalNullAnnotationChangeProposals$MissingBindingException)","2019-01-29 09:37:16"
480726,"JDT","Core","jarthana","RESOLVED","WORKSFORME","[9] NPE at JimageFileSystem.getClassfileContent","2017-10-09 07:35:40"
539222,"JDT","UI","kalyan_prasad","CLOSED","WORKSFORME","""--release"" option is unavailable in project compiler settings","2018-10-24 07:04:35"
518029,"JDT","Core","stephan.herrmann","RESOLVED","WORKSFORME","'Resolving model org.eclipse.recommenders:index::zip:0.0.0' has encountered a problem.","2019-11-06 13:19:04"
486976,"JDT","Core","jdt-core-inbox","CLOSED","WORKSFORME","Facing blocking error in the Luna version 2 (4.4.2) when automating selenium code for select item from drop down menu.","2016-04-07 10:21:20"
543069,"JDT","Text","jdt-text-inbox","RESOLVED","WORKSFORME","Copying and pasting code snippets within the code","2018-12-28 06:06:56"
522720,"JDT","Text","jdt-text-inbox","RESOLVED","WORKSFORME","[content assist] NumberFormatException when creating content assist menu (editor fails to open)","2018-07-22 06:58:48"
467641,"JDT","UI","jdt-ui-inbox","RESOLVED","WORKSFORME","HIDDEN in History.load (258)","2016-09-29 18:37:37"
545012,"JDT","UI","jdt-ui-inbox","RESOLVED","WORKSFORME","[JUnit 5] JUnit on clicking test does not go to the test method from JUnit window while running JUnit test suite","2019-07-04 05:31:01"
547208,"JDT","UI","jdt-ui-inbox","RESOLVED","WORKSFORME","Refactor > Extract Interface causes an Internal Error","2019-05-24 12:54:49"
506478,"JDT","Core","manpalat","RESOLVED","WORKSFORME","[9] Having the same module in two source folders in a project triggers wrong error in editor","2018-05-15 05:08:37"
476421,"JDT","UI","jdt-ui-inbox","RESOLVED","WORKSFORME","JDT does not recognize Java 8 settings after Git pull","2015-09-02 10:00:04"
536062,"JDT","UI","jdt-ui-inbox","RESOLVED","WORKSFORME","Cannot type ""asterisk"" (*) in java editor","2018-06-20 08:38:59"
512167,"JDT","Debug","jdt-debug-inbox","RESOLVED","WORKSFORME","Variable value not shown in hover during debugging","2017-04-13 10:36:06"
480795,"JDT","Text","jdt-text-inbox","RESOLVED","WORKSFORME","Pull up to interface kept synchronized keyword","2019-03-22 13:21:03"
487332,"JDT","Text","jdt-text-inbox","RESOLVED","WORKSFORME","Update JDT user guide with adjustments of $date template variable","2016-02-05 06:59:15"
462192,"JDT","Core","jdt-core-inbox","RESOLVED","WORKSFORME","Parameterized qualified type prevents children from resolving, if the package of the type can't be resolved","2016-08-30 00:52:00"
543086,"JDT","Debug","jdt-debug-inbox","RESOLVED","WORKSFORME","Content assist is not working in Expressions view","2019-01-03 00:52:43"
492361,"JDT","Debug","carsten.pfeiffer","RESOLVED","WORKSFORME","[source lookup] Support for projects with multiple output locations","2016-10-18 04:31:07"
545119,"JDT","UI","jdt-ui-inbox","RESOLVED","WORKSFORME","Discrepancy between errors in editor and in the views package explorer / problems","2019-03-06 08:16:40"
529281,"JDT","Debug","sarika.sinha","RESOLVED","WORKSFORME","Eclipse not Found Class java.sql.Time - Similar to Bug 498728","2018-01-07 23:37:55"
499314,"JDT","UI","jdt-ui-inbox","RESOLVED","WORKSFORME","[rename method] A behavior preserving transformation (Rename Method Refactoring) is rejected. ['p.A' or a type in its hierarchy defines  a method 'k' with the same number  of parameters and the same  parameter type names.]","2019-04-10 04:07:35"
472958,"JDT","Text","jdt-text-inbox","RESOLVED","WORKSFORME","[mark occurrence] Mark occurrences ignores color","2015-07-21 12:05:34"
547439,"JDT","UI","jdt-ui-inbox","RESOLVED","WORKSFORME","When 2 interfaces with same name implemented the IDE cannot make difference between two","2019-05-27 10:51:27"
533387,"JDT","UI","jdt-ui-inbox","RESOLVED","WORKSFORME","Eclipse can not convert number to BigDecimal in Junit5 @CsvSource","2018-04-11 07:29:33"
507010,"JDT","UI","jdt-ui-inbox","RESOLVED","WORKSFORME","New Java Class via Quick Access results in an exception","2016-11-09 19:02:05"
536272,"JDT","UI","jarthana","RESOLVED","WORKSFORME","[11] JEP 309 Unicode  support","2018-07-13 11:53:59"
513386,"JDT","Core","jdt-core-inbox","RESOLVED","WORKSFORME","[1.9][model] Object class shown twice in java.lang in package explorer","2017-03-13 02:53:48"
456783,"JDT","Text","jdt-text-inbox","RESOLVED","WORKSFORME","Workbench hanging on code completion","2015-01-09 09:09:13"
539526,"JDT","UI","jdt-ui-inbox","RESOLVED","WORKSFORME","Lots of ResourceException during a platform ui build (using a Runtime Eclipse)","2018-09-27 00:57:13"
518624,"JDT","Core","jdt-core-inbox","RESOLVED","WORKSFORME","[9] NPE in ModuleDeclaration.resolve","2017-10-09 04:28:04"
487481,"JDT","Core","manpalat","RESOLVED","WORKSFORME","95 unit test failures in jdt.core.tests in recent M-build","2016-02-10 22:01:20"
463333,"JDT","UI","jdt-ui-inbox","RESOLVED","WORKSFORME","[1.8][content assist] No code completion for resolving default method conflicts","2015-03-30 02:32:27"
525484,"JDT","Core","stephan.herrmann","RESOLVED","WORKSFORME","[9] HierarchyResolver should use module scope when using LookupEnvironment","2019-11-26 08:31:14"
492745,"JDT","Core","jarthana","RESOLVED","WORKSFORME","JavaFX Modules/Packages not accessible/available","2017-01-18 10:32:49"
468570,"JDT","UI","jdt-ui-inbox","RESOLVED","WORKSFORME","NoSuchMethodError in BuildPathsPropertyPage.createContents (78)","2015-05-30 04:06:58"
545229,"JDT","Text","jdt-text-inbox","RESOLVED","WORKSFORME","content assist map.put is replaced with map.compute","2019-07-22 05:03:04"
529434,"JDT","Core","manpalat","RESOLVED","WORKSFORME","[18.3] Add Search support for 'var' - local-variable type inference (JEP 286)","2018-02-19 09:17:41"
499319,"JDT","UI","jdt-ui-inbox","RESOLVED","WORKSFORME","[push down method] A behavior preserving transformation (Push Down Method Refactoring) is rejected. [Method (with the same signature)  already exists in type , which  will result in compile errors  if you proceed]","2018-12-13 02:21:30"
473024,"JDT","Text","jdt-text-inbox","RESOLVED","WORKSFORME","[correction] Selected item in content assist is not readable when using dark theme on Win7","2015-07-22 06:39:00"
533389,"JDT","UI","jdt-ui-inbox","RESOLVED","WORKSFORME","Eclipse displays ""No tests found with test runner Junit5"" when there is error in `@MethodSource`","2018-04-11 07:24:55"
507356,"JDT","UI","jdt-ui-inbox","RESOLVED","WORKSFORME","[content assist] Turning off “show substring matches” doenst seem to work (eclipse neon)","2016-12-16 03:25:57"
476723,"JDT","Core","stephan.herrmann","RESOLVED","WORKSFORME","[1.8][compile][inference] Ambiguous method references aren't reported as such","2017-04-01 14:16:24"
536330,"JDT","UI","jdt-ui-inbox","RESOLVED","WORKSFORME","[9] Improving User experience for modular java projects","2019-11-23 18:53:05"
513392,"JDT","Debug","sarika.sinha","RESOLVED","WORKSFORME","Step Filter does not work after breaking in a filtered class","2017-03-13 01:00:24"
481362,"JDT","UI","jdt-ui-inbox","RESOLVED","WORKSFORME","Substring completion not taken over","2015-11-05 02:09:03"
457213,"JDT","Text","jdt-text-inbox","RESOLVED","WORKSFORME","[typing] Please don't indent lines following a braceless statement block","2015-01-12 06:18:03"
518958,"JDT","Core","stephan.herrmann","CLOSED","WORKSFORME","Organize imports adds ""import java.;"" as import","2018-04-09 07:28:42"
463869,"JDT","Debug","jdt-debug-inbox","RESOLVED","WORKSFORME","SE in SocketTransportService.accept (103)","2015-04-05 12:42:45"
468919,"JDT","Text","jdt-text-inbox","RESOLVED","WORKSFORME","StandInException in MarkerUtilities.handleCoreException (225)","2015-06-01 07:44:04"
530963,"JDT","UI","jjohnstn","CLOSED","WORKSFORME","[refactoring] Pull Up Method makes a class abstract and does not remove method from its origin class","2019-01-23 15:51:57"
499352,"JDT","Debug","jdt-debug-inbox","RESOLVED","WORKSFORME","List of installed JREs is empty","2019-05-22 04:48:50"
473174,"JDT","UI","jdt-ui-inbox","RESOLVED","WORKSFORME","Klass type overlay icons missing","2015-07-21 08:38:09"
547464,"JDT","APT","jarthana","RESOLVED","WORKSFORME","[13] Annotation processor should report warning if an option is repeated","2019-11-13 11:27:13"
533466,"JDT","UI","kalyan_prasad","RESOLVED","WORKSFORME","Error: Source compatibility must be equal or less than compliance level","2018-10-29 04:29:45"
507713,"JDT","UI","jdt-ui-inbox","CLOSED","WORKSFORME","renaming a class causes a comment to disappear","2016-11-17 20:25:41"
477124,"JDT","UI","jdt-ui-inbox","RESOLVED","WORKSFORME","Exporting Java Formatter to Existing File then Applying Sometimes Causes Eclipse to Crash","2016-04-05 10:53:25"
536535,"JDT","UI","kalyan_prasad","CLOSED","WORKSFORME","About the JDK10 Javadoc location setting","2018-11-14 10:45:09"
513422,"JDT","Core","stephan.herrmann","RESOLVED","WORKSFORME","JDT null analysis report a redundant check even when @Nullable is established","2019-10-26 15:10:32"
481363,"JDT","UI","jdt-ui-inbox","RESOLVED","WORKSFORME","Substring completion lost if I continue to type","2015-11-05 02:09:13"
519358,"JDT","UI","jdt-ui-inbox","RESOLVED","WORKSFORME","jdtui tests failed at testHierarchyWithWorkingCopy1","2017-07-14 11:47:18"
464456,"JDT","UI","jdt-ui-inbox","RESOLVED","WORKSFORME","Javadoc with JDK8","2015-05-11 11:49:52"
543756,"JDT","Core","jdt-core-inbox","RESOLVED","WORKSFORME","Eclipse IDE freezes when I hit ""Run As Java Application"" on Eclipse","2019-01-26 07:33:40"
525680,"JDT","Core","jdt-core-inbox","RESOLVED","WORKSFORME","[null] ARRAY_CONTENTS @NonNullByDefault is not applied to instantiation statement","2017-10-06 09:59:07"
469348,"JDT","Core","stephan.herrmann","RESOLVED","WORKSFORME","AbortCompilation in ProblemHandler.handle (152)","2019-05-30 18:58:41"
545242,"JDT","Debug","jdt-debug-inbox","RESOLVED","WORKSFORME","No more JRE's exist in Java since Java 9","2019-03-25 14:00:46"
473326,"JDT","UI","jdt-ui-inbox","RESOLVED","WORKSFORME","Switching between two Java editor windows gives no more handles message","2015-07-23 04:22:44"
547543,"JDT","Debug","loskutov","RESOLVED","WORKSFORME","[1.8] Lambda variable names shown as arg$1 for code from libraries","2019-09-25 09:56:53"
533511,"JDT","UI","azerr","RESOLVED","WORKSFORME","[code mining] NSME JavaEditor#installCodeMiningProviders","2019-02-13 03:26:00"
509591,"JDT","UI","jdt-ui-inbox","RESOLVED","WORKSFORME","[Dark theme] [CSS] Build Path tabs are not styled","2019-04-23 09:47:08"
477898,"JDT","Text","jdt-text-inbox","RESOLVED","WORKSFORME","Second autocomplete does not show up","2016-04-05 10:57:39"
552446,"JDT","Core","stephan.herrmann","RESOLVED","WORKSFORME","Whitespace removed from the beginning of a text block","2019-10-27 16:02:50"
536544,"JDT","Core","stephan.herrmann","RESOLVED","WORKSFORME","Eclipse hangs on ctrl+click on interface method","2018-08-29 10:12:41"
513863,"JDT","UI","jdt-ui-inbox","RESOLVED","WORKSFORME","Can't rename variable in lambda","2019-10-31 07:22:06"
481591,"JDT","UI","markus.kell.r","RESOLVED","WORKSFORME","Tab handling in 'open type' dialog","2016-06-06 06:12:15"
540157,"JDT","UI","jdt-ui-inbox","RESOLVED","WORKSFORME","[JUnit] [JUnit 5] JUnit treeview opens and closes constantly while running tests, making it impossible to see what is happening","2019-07-04 05:30:42"
543977,"JDT","Core","sravankumarl","RESOLVED","WORKSFORME","[13] Run through the api changes for Java 13","2019-09-05 22:46:58"
494215,"JDT","Core","jdt-core-inbox","RESOLVED","WORKSFORME","Bogus Javadoc warning for a package protected class","2019-04-23 09:41:55"
469349,"JDT","UI","jdt-ui-inbox","RESOLVED","WORKSFORME","SWTException in NewJavaProjectWizardPageTwo.changeToNewProject (173)","2016-02-08 10:45:17"
531117,"JDT","UI","stephan.herrmann","RESOLVED","WORKSFORME","Strange (Display) Errors resolving Classes when Project System Library is JDK9:","2018-02-19 12:24:23"
547556,"JDT","Text","jdt-text-inbox","RESOLVED","WORKSFORME","completion details not shown on first attempt after start","2019-05-28 11:36:20"
533716,"JDT","UI","jdt-ui-inbox","RESOLVED","WORKSFORME","Make JUnit 5 the default in the new JUnit test wizard","2018-04-17 17:26:19"
509703,"JDT","Core","jdt-core-inbox","RESOLVED","WORKSFORME","Allow Oxygen to start on jdk-9","2019-10-15 04:39:44"
478246,"JDT","Text","jdt-text-inbox","RESOLVED","WORKSFORME","[content assist] Completion deletes the ellipsis from parameter","2016-02-05 03:34:01"
552985,"JDT","UI","jdt-ui-inbox","CLOSED","WORKSFORME","Support Line Code Minings for Show Error/Warning/Info Annotations in JDT editor","2019-11-13 09:32:42"
536657,"JDT","UI","jdt-ui-inbox","RESOLVED","WORKSFORME","Project Explorer is missing filter to hide Java members","2018-07-22 11:27:33"
482074,"JDT","Core","register.eclipse","RESOLVED","WORKSFORME","[compiler][null] Create method templates create superfluous @NonNull annotations for method arguments","2019-10-11 03:13:16"
457943,"JDT","Debug","sarika.sinha","RESOLVED","WORKSFORME","Expression display popup disappears","2019-10-18 07:22:54"
540158,"JDT","UI","jdt-ui-inbox","RESOLVED","WORKSFORME","[JUnit] [JUnit 5] JUnit view Stop button does not work with dynamic tests","2019-07-04 05:29:22"
519810,"JDT","Core","jdt-core-inbox","RESOLVED","WORKSFORME","[9] NPE in ModuleBinding.canAccess while renaming a type","2017-07-19 08:44:16"
464850,"JDT","Text","noopur_gupta","RESOLVED","WORKSFORME","Content Assist Advanced preferences not saved on restart","2016-06-09 06:54:20"
544095,"JDT","Core","noopur_gupta","RESOLVED","WORKSFORME","[12] NumberFormatException in DefaultCodeFormatterConstants.getIndentStyle","2019-02-05 06:24:43"
525850,"JDT","UI","stephan.herrmann","RESOLVED","WORKSFORME","App is now working in my machine","2019-11-14 17:14:38"
494690,"JDT","Core","stephan.herrmann","RESOLVED","WORKSFORME","Significant lag in detecting compile errors","2016-06-22 19:14:42"
469364,"JDT","Text","jdt-text-inbox","RESOLVED","WORKSFORME","[save actions] Save action","2015-06-04 07:29:58"
545498,"JDT","UI","jdt-ui-inbox","RESOLVED","WORKSFORME","[package explorer] [working sets] Deleting projects doesn't remove it from the working set","2019-03-22 12:23:42"
531263,"JDT","UI","noopur_gupta","RESOLVED","WORKSFORME","[10] Compliance level not set to 10 for a Java Project created with Java 10 JDK","2018-03-19 06:46:51"
473650,"JDT","UI","jdt-ui-inbox","RESOLVED","WORKSFORME","Push down method refactoring removes a method","2015-08-17 19:36:52"
547582,"JDT","Core","manpalat","RESOLVED","WORKSFORME","XLargeTest.testBug519070 failue due to memory issue","2019-08-27 00:47:33"
534483,"JDT","Debug","jdt-debug-inbox","RESOLVED","WORKSFORME","Not generating toString method","2019-04-25 07:50:38"
509999,"JDT","UI","jdt-ui-inbox","RESOLVED","WORKSFORME","[organize imports] UI freeze during organize imports save action","2017-04-19 11:26:35"
553329,"JDT","Core","stephan.herrmann","RESOLVED","WORKSFORME","The application can't install on my computer","2019-11-26 17:49:14"
536786,"JDT","Text","jdt-text-inbox","RESOLVED","WORKSFORME","[projection] Code folding not working properly","2018-07-10 10:37:29"
514729,"JDT","UI","jdt-ui-inbox","RESOLVED","WORKSFORME","[open type] Open Type continues to show ""Initializing search index (50%)","2017-04-05 10:54:00"
482413,"JDT","Core","jdt-core-inbox","CLOSED","WORKSFORME","[formatter] Erroneous formatting for left curly brace on line wrap","2015-11-18 17:14:00"
458211,"JDT","UI","jdt-ui-inbox","RESOLVED","WORKSFORME","[quick fix] ""create method"" proposal missing when generic type argument involved","2015-03-30 07:25:39"
540484,"JDT","UI","stephan.herrmann","RESOLVED","WORKSFORME","Lots of class not found exception if I start a runtime Eclipse with jdt.core","2019-09-24 18:39:08"
487850,"JDT","Core","sasikanth.bharadwaj","RESOLVED","WORKSFORME","[9] Delay initialization of IModuleLocation until a build is requested","2017-10-09 18:19:47"
464982,"JDT","UI","mistria","CLOSED","WORKSFORME","Project Explorer mixes resource and java source presentation","2017-03-22 07:09:34"
544240,"JDT","Core","jdt-core-inbox","RESOLVED","WORKSFORME","[12] Wrong error message: Case Labels with '->' is a preview feature","2019-02-08 03:47:58"
526063,"JDT","Debug","jdt-debug-inbox","RESOLVED","WORKSFORME","NoSuchFileException while using JRE during launch","2018-02-14 10:40:08"
495375,"JDT","UI","noopur_gupta","RESOLVED","WORKSFORME","[call hierarchy] Changing search scope to working set removes all entries","2016-06-21 01:11:00"
469585,"JDT","UI","jdt-ui-inbox","RESOLVED","WORKSFORME","[pull up] AssertionFailedException in TypeVariableUtil.signaturesToParameters (313)","2015-06-08 04:19:30"
531272,"JDT","UI","stephan.herrmann","RESOLVED","WORKSFORME","Auto complete should propose ""ArrayList<>()""","2018-02-17 09:45:41"
473922,"JDT","UI","jdt-ui-inbox","RESOLVED","WORKSFORME","Move Field Refactoring results in compilation error","2015-08-05 04:27:22"
547586,"JDT","UI","jdt-ui-inbox","RESOLVED","WORKSFORME","Javadoc mismatch, not case sensitive","2019-05-29 11:50:16"
510018,"JDT","UI","stephan.herrmann","RESOLVED","WORKSFORME","Content Assist crashed","2017-01-20 16:29:46"
478350,"JDT","UI","markus.kell.r","RESOLVED","WORKSFORME","[infer type arguments] Throws internal error when processing diamond","2016-04-21 12:38:30"
553612,"JDT","UI","noopur_gupta","RESOLVED","WORKSFORME","JUnit view show wrong icons for horizontal and vertical layout (they are flipped)","2019-11-29 17:29:17"
536921,"JDT","UI","jdt-ui-inbox","RESOLVED","WORKSFORME","Workspace unstartable due to Display call not on main thread","2018-12-21 08:20:24"
515475,"JDT","UI","jdt-ui-inbox","RESOLVED","WORKSFORME","Deletion of ""src"" source folder should update the build path","2017-04-20 10:31:34"
482478,"JDT","Core","sasikanth.bharadwaj","RESOLVED","WORKSFORME","[1.9] Code select does not resolve the elements correctly in module-info.java file","2016-09-06 16:48:02"
540717,"JDT","UI","Vikas.Chandra","RESOLVED","WORKSFORME","Enable drag and drop of plugin dependencies container from modulepath to classpath and vice versa.","2018-11-03 09:38:39"
519880,"JDT","Text","jdt-text-inbox","RESOLVED","WORKSFORME","[9][content assist] Missing autocompletion for JDK modules in module-info","2017-07-19 08:54:41"
488108,"JDT","Debug","jdt-debug-inbox","CLOSED","WORKSFORME","Eclipse shows always(?) an empty(?) ""[Debug Console]"" when debugging an application","2018-11-18 22:16:36"
465621,"JDT","Doc","jdt-doc-inbox","RESOLVED","WORKSFORME","Eclipse is not installing.","2015-04-28 08:36:19"
544433,"JDT","Core","jdt-core-inbox","RESOLVED","WORKSFORME","[search] Support for more filtering in search results","2019-02-14 05:19:09"
495510,"JDT","Text","noopur_gupta","RESOLVED","WORKSFORME","Java syntax highlighting broken after moving a line of code","2016-07-21 02:20:54"
469895,"JDT","Debug","sarika.sinha","RESOLVED","WORKSFORME","[1.9] JRE containers for Java 9 should optionally include appmodules and extmodules as well","2019-02-12 03:40:31"
545630,"JDT","Text","jdt-text-inbox","RESOLVED","WORKSFORME","[content assist][templates] sysout shortcut is broken","2019-03-21 10:04:39"
531572,"JDT","Debug","sarika.sinha","RESOLVED","WORKSFORME","NPE when launching project containing libs with external annotations","2018-02-23 06:06:58"
500780,"JDT","UI","jdt-ui-inbox","RESOLVED","WORKSFORME","abstract class name change will not error on save","2016-09-12 02:08:32"
473925,"JDT","UI","jdt-ui-inbox","RESOLVED","WORKSFORME","Move Method Refactoring results in compilation error","2015-08-05 04:19:42"
548338,"JDT","Core","stephan.herrmann","RESOLVED","WORKSFORME","Java index out-of-date - Provide a way to rebuild the index","2019-06-18 14:34:12"
534810,"JDT","Debug","jdt-debug-inbox","RESOLVED","WORKSFORME","can't launch java applications using OpenJDK 11 EA Build 13","2018-05-17 13:50:06"
510267,"JDT","UI","jdt-ui-inbox","RESOLVED","WORKSFORME","[navigation] Code forward navigation does not work for inner interfaces","2017-01-23 04:56:27"
515481,"JDT","UI","jdt-ui-inbox","RESOLVED","WORKSFORME","[1.9] Code completion for module-info.java not available if comments are removed","2017-04-20 10:51:54"
482516,"JDT","Doc","jdt-doc-inbox","RESOLVED","WORKSFORME","Windows XP eclipse mars installation","2015-11-18 14:49:29"
458958,"JDT","UI","jdt-ui-inbox","RESOLVED","WORKSFORME","[performance tests] Significant increase in move static members test","2018-10-25 01:44:06"
540931,"JDT","Text","jdt-text-inbox","RESOLVED","WORKSFORME","[save actions][clean up] trailing whitespace not removed from otherwise empty lines","2019-08-23 09:41:50"
520070,"JDT","Text","jdt-text-inbox","RESOLVED","WORKSFORME","Javadoc tooltip and view displayed with black text on black background","2018-04-08 07:21:19"
465650,"JDT","Text","jdt-text-inbox","RESOLVED","WORKSFORME","[hovering] Background colour javadoc pop-up ignored","2015-04-28 11:06:05"
544481,"JDT","Text","jdt-text-inbox","RESOLVED","WORKSFORME","Indentation tabs randomly turn into spaces","2019-02-15 06:11:24"
526514,"JDT","Text","jdt-text-inbox","RESOLVED","WORKSFORME","[content assist] Constructor content assist not showing correctly when type mismatch.","2017-11-13 10:46:02"
495568,"JDT","Core","mateusz.matela","CLOSED","WORKSFORME","Java Code Style Formatter Problem in windows and macos","2016-07-09 18:13:12"
471282,"JDT","Core","jdt-core-inbox","CLOSED","WORKSFORME","[formatter] JavaDoc formatter removes blank lines before tags","2015-12-28 19:49:23"
545913,"JDT","Core","manpalat","RESOLVED","WORKSFORME","[12] Missing warning for default case in switch case for String","2019-04-03 00:37:45"
532079,"JDT","UI","register.eclipse","RESOLVED","WORKSFORME","[refactoring] Inline Method does not remove the method after applying the refactoring","2018-03-07 15:11:59"
500844,"JDT","UI","jdt-ui-inbox","RESOLVED","WORKSFORME","Improved autocomplete feature in Eclipse Java","2016-09-06 09:48:40"
474251,"JDT","UI","markus.kell.r","RESOLVED","WORKSFORME","Members Sort Order is broken","2015-08-17 15:23:43"
534902,"JDT","UI","jdt-ui-inbox","RESOLVED","WORKSFORME","Deleted/removed files when I added a directory to resources.","2018-05-21 10:15:34"
510269,"JDT","UI","jdt-ui-inbox","RESOLVED","WORKSFORME","[Outline] Inner interfaces not visible if source is not available","2017-01-23 05:35:01"
478593,"JDT","Text","jdt-text-inbox","RESOLVED","WORKSFORME","NullPointerException in CompilationUnitEditor$RememberedOffset.getRememberedOffset (CompilationUnitEditor.java:824)","2015-10-30 10:15:16"
537508,"JDT","Core","jarthana","RESOLVED","WORKSFORME","The compiler compliance specified is 1.n but a JRE m is used warning","2018-08-02 10:10:15"
515638,"JDT","Debug","sarika.sinha","RESOLVED","WORKSFORME","[Test] testAlreadyTerminatedProcess - Exception occurred executing command line.","2018-01-30 03:46:19"
515741,"JDT","UI","jdt-ui-inbox","RESOLVED","WORKSFORME","Code completion for new Interface() does not create the methods","2017-04-25 08:43:06"
459736,"JDT","UI","jdt-ui-inbox","CLOSED","WORKSFORME","Save failed","2018-06-21 08:32:19"
541096,"JDT","Core","jdt-core-inbox","CLOSED","WORKSFORME","""Unexpected internal error"" trying to convert stream to array","2019-01-23 00:56:52"
521041,"JDT","UI","stephan.herrmann","CLOSED","WORKSFORME","GUI too small","2019-08-30 14:59:32"
488918,"JDT","Debug","sarika.sinha","RESOLVED","WORKSFORME","Eclipse getting hanged during Debugging process","2019-11-03 22:57:51"
466691,"JDT","UI","jdt-ui-inbox","RESOLVED","WORKSFORME","Eclipse starts up with a font dialog open","2015-05-11 09:45:17"
544680,"JDT","Text","jdt-text-inbox","RESOLVED","WORKSFORME","Line numbers disappear after Rename refactoring","2019-02-25 16:56:25"
495987,"JDT","Core","stephan.herrmann","CLOSED","WORKSFORME","Missing semicolon havoc project","2019-08-31 17:28:01"
471392,"JDT","Text","jdt-text-inbox","RESOLVED","WORKSFORME","Java formatter profile is reset every time I close and reopen Eclipse.","2016-02-17 09:05:30"
546344,"JDT","UI","jdt-ui-inbox","RESOLVED","WORKSFORME","""References in workspace"" should return better results for methods like toString() or close()","2019-04-12 10:12:03"
532496,"JDT","UI","jdt-ui-inbox","RESOLVED","WORKSFORME","java.util.Arrays","2018-03-16 10:33:07"
501216,"JDT","UI","jdt-ui-inbox","RESOLVED","WORKSFORME","[breadcrumb] Hide Breadcrumb missing","2016-09-14 09:55:14"
475174,"JDT","UI","jdt-ui-inbox","RESOLVED","WORKSFORME","Shift+F2 open API documentation not working","2015-08-18 09:13:41"
549165,"JDT","Core","sarika.sinha","RESOLVED","WORKSFORME","[13][dom] Unsupported exception thrown","2019-09-17 02:09:37"
510608,"JDT","Core","jdt-core-inbox","RESOLVED","WORKSFORME","[1.9] Incorrect error with module having multiple source folders","2017-10-09 19:46:27"
478594,"JDT","Text","jdt-text-inbox","RESOLVED","WORKSFORME","NullPointerException in CompilationUnitEditor$RememberedOffset.setOffset (CompilationUnitEditor.java:756)","2015-10-30 10:14:58"
515995,"JDT","Core","jdt-core-inbox","RESOLVED","WORKSFORME","[newindex] NullPointerException in NdNodeTypeRegistry.createNode","2017-05-01 11:20:17"
484454,"JDT","UI","jdt-ui-inbox","RESOLVED","WORKSFORME","Missing method reference in Search view","2015-12-16 04:28:00"
460927,"JDT","Core","jdt-core-inbox","RESOLVED","WORKSFORME","Eclipse not updating code after a change","2015-02-26 22:27:11"
541280,"JDT","Text","jdt-text-inbox","RESOLVED","WORKSFORME","Content assist proposals order is unreasonable","2019-04-24 06:02:52"
521244,"JDT","UI","jdt-ui-inbox","RESOLVED","WORKSFORME","[JUnit 5] Add test setup and test cases for JUnit 5","2018-04-20 06:11:28"
489107,"JDT","UI","stephan.herrmann","CLOSED","WORKSFORME","StringIndexOutOfBoundsException below LazyGenericTypeProposal.shouldAppendArguments","2018-11-27 17:55:30"
467074,"JDT","UI","jdt-ui-inbox","RESOLVED","WORKSFORME","StandInException in JavaElementImageDescriptor.getImageData (237)","2015-05-14 05:30:37"
527578,"JDT","UI","jdt-ui-inbox","CLOSED","WORKSFORME","[navigation] 'Visible java categories' hides members and cannot be made visible again.","2018-03-26 13:11:42"
496053,"JDT","Core","sasikanth.bharadwaj","RESOLVED","WORKSFORME","[1.9] Reconciler does not recognize modules referenced from JAR","2017-05-22 05:51:09"
471617,"JDT","Text","jdt-text-inbox","RESOLVED","WORKSFORME","[content assist] NPE in CompletionProposalPopup.handleSetData during CompletionProposalPopup.hide()","2015-07-23 10:14:46"
546439,"JDT","Core","jdt-core-inbox","CLOSED","WORKSFORME","Project-specific java indent level config not working","2019-04-30 10:47:07"
532772,"JDT","Debug","jdt-debug-inbox","RESOLVED","WORKSFORME","NullPointerException in JFaceTextUtil","2018-04-05 05:21:12"
501488,"JDT","Text","jdt-text-inbox","RESOLVED","WORKSFORME","It does not work one of the key code folding","2017-07-14 11:14:52"
475299,"JDT","Text","jdt-text-inbox","CLOSED","WORKSFORME","[content assist] Typing ""syso"" to Auto Insert & Autocomplete","2015-08-19 15:43:01"
549168,"JDT","Debug","paul-eclipse","CLOSED","WORKSFORME","[Test]testConsoleOutputSynchronization","2019-09-24 03:59:53"
535016,"JDT","Text","jdt-text-inbox","CLOSED","WORKSFORME","[content assist] Autocomplete won't find @POST annotation","2018-05-23 11:09:57"
510624,"JDT","Core","jdt-core-inbox","RESOLVED","WORKSFORME","[9][type hierarchy] is incomplete: misses JrtPackageFragmentRoot","2017-01-18 08:44:56"
479033,"JDT","Core","jdt-core-inbox","RESOLVED","WORKSFORME","[formatter] Different behavior of javadoc indentation between format in file (STRG+SHIFT+F) and Source | Format","2016-02-29 13:58:15"
537637,"JDT","UI","kalyan_prasad","RESOLVED","WORKSFORME","15 leak tests fail on Mac after moving to 10.13.5","2019-05-28 05:21:15"
516006,"JDT","Text","jdt-text-inbox","RESOLVED","WORKSFORME","[content assist] Content assist gives the wrong first choice","2017-05-04 05:24:09"
484820,"JDT","UI","jdt-ui-inbox","RESOLVED","WORKSFORME","Cannot create new class","2016-01-05 14:07:53"
521416,"JDT","Core","stephan.herrmann","RESOLVED","WORKSFORME","Latest Oxygen extremely slow","2017-08-29 10:17:28"
489184,"JDT","Text","jdt-text-inbox","RESOLVED","WORKSFORME","[content assist] lambda expression ctrl + space code assist not working for local variable","2016-03-16 11:31:14"
467226,"JDT","UI","noopur_gupta","RESOLVED","WORKSFORME","inappropriate ""Could not launch external web browser"" error message","2016-04-26 00:21:13"
544888,"JDT","UI","jdt-ui-inbox","RESOLVED","WORKSFORME","[navigation] ""open implementation"" for an overridden method on a final field doesn't link to actual implementation","2019-02-28 16:29:18"
527749,"JDT","Core","manpalat","RESOLVED","WORKSFORME","[9][dom ast]ProvidesDirective - resolveBinding isn't working for implementation nodes","2017-12-12 23:02:56"
546456,"JDT","UI","jdt-ui-inbox","RESOLVED","WORKSFORME","Refactoring doesn't update all methods.","2019-05-07 04:20:56"
532835,"JDT","UI","jdt-ui-inbox","RESOLVED","WORKSFORME","[code mining] Change variable name creates temporary wrong drawing","2019-02-13 03:28:44"
501517,"JDT","Core","stephan.herrmann","RESOLVED","WORKSFORME","[9] figure out glitches in spec of module-info","2017-05-27 15:13:43"
475547,"JDT","Core","stephan.herrmann","RESOLVED","WORKSFORME","Data race on org.eclipse.jdt.core.tests.util.TestVerifier.outputBuffer & errorBuffer","2018-12-06 13:09:49"
549187,"JDT","Core","stephan.herrmann","CLOSED","WORKSFORME","Persistent NPE on Content Assist","2019-08-27 11:26:22"
535304,"JDT","Text","jdt-text-inbox","RESOLVED","WORKSFORME","Copy command not handled in the methods javadoc overlay","2018-05-30 11:10:20"
511523,"JDT","Core","jdt-core-inbox","RESOLVED","WORKSFORME","Error in JDT Core during reconcile","2017-02-02 09:15:01"
537977,"JDT","Debug","sarika.sinha","RESOLVED","WORKSFORME","Adding External JARs to JRE not working","2018-11-21 05:05:15"
537990,"JDT","Core","jdt-core-inbox","RESOLVED","WORKSFORME","Not opening at all","2018-08-16 10:42:08"
517297,"JDT","UI","rgrunber","RESOLVED","WORKSFORME","NewContainerWizardPage.getInitialJavaElement() returns IJavaElement for non-Java project","2018-10-12 09:10:49"
484933,"JDT","UI","jdt-ui-inbox","RESOLVED","WORKSFORME","Resource '/TestProject' already exists.","2019-07-13 05:57:29"
460948,"JDT","Core","jdt-core-inbox","RESOLVED","WORKSFORME","Just not downloading","2015-02-26 09:55:14"
541844,"JDT","Core","jdt-core-inbox","RESOLVED","WORKSFORME","Not showing compilation errors/Slowness issues in Eclipse 4.8 with E-Git","2018-12-19 09:29:13"
544906,"JDT","Text","jdt-text-inbox","RESOLVED","WORKSFORME","Quick Outline (Ctrl+O) doesn't work when editor is split","2019-02-28 04:17:36"
528003,"JDT","UI","jdt-ui-inbox","RESOLVED","WORKSFORME","Conflicting handlers for org.eclipse.jdt.ui.edit.text.java.refactor.quickMenu","2017-12-01 09:34:35"
471958,"JDT","UI","jdt-ui-inbox","RESOLVED","WORKSFORME","Pull Up Method Refactoring accepts the ""abstract"" modifier in a method of an interface","2015-07-08 05:03:41"
546574,"JDT","Text","jdt-text-inbox","RESOLVED","WORKSFORME","[content assist] Method completion proposal relevance should account for invocation context","2019-05-03 04:06:24"
501708,"JDT","Debug","jdt-debug-inbox","CLOSED","WORKSFORME","Step into major method call","2016-09-20 05:11:28"
475549,"JDT","Text","jdt-text-inbox","RESOLVED","WORKSFORME","[content assist] StringIndexOutOfBoundsException in AbstractJavaCompletionProposal.apply (AbstractJavaCompletionProposal.java:370)","2019-01-02 09:20:08"
535481,"JDT","UI","jdt-ui-inbox","CLOSED","WORKSFORME","[search] Ctrl+Shift+G returns every same name classes, not reference only...","2018-06-07 10:09:36"
511621,"JDT","UI","jdt-ui-inbox","CLOSED","WORKSFORME","Remove usage of deprecated SubProgressMonitor from OrganizeImportsOperation","2018-07-02 04:51:16"
538378,"JDT","Core","jdt-core-inbox","RESOLVED","WORKSFORME","Open Type starts reindexing without need","2018-08-29 04:47:46"
517500,"JDT","Text","jdt-text-inbox","RESOLVED","WORKSFORME","[typing] ""Escape text when pasting a String Literal"" shouldn't escape quotes that are at the start and the end","2018-08-08 12:30:16"
486360,"JDT","UI","noopur_gupta","RESOLVED","WORKSFORME","[quick fix] Remove 'Configure Annotation Preferences' button and toolbar from quick fix hover","2016-01-22 10:45:37"
461257,"JDT","Debug","jdt-debug-inbox","RESOLVED","WORKSFORME","VMDE in PacketReceiveManager.getReply (179)","2017-09-27 10:35:14"
542862,"JDT","Core","jdt-core-inbox","RESOLVED","WORKSFORME","Resolution for bug 224708 makes jdt backwards incompatible","2018-12-18 11:30:12"
522609,"JDT","Core","stephan.herrmann","RESOLVED","WORKSFORME","[9] Compilation error reported in attached workspace","2019-11-21 10:55:00"
544933,"JDT","Core","jdt-core-inbox","RESOLVED","WORKSFORME","[test] XLargetTest.testBug519070 failure","2019-03-05 03:45:39"
496789,"JDT","Core","stephan.herrmann","CLOSED","WORKSFORME","Errors running builder 'Java Builder' on project '...'","2017-02-02 08:33:22"
472157,"JDT","Debug","sarika.sinha","RESOLVED","WORKSFORME","unable to debug when two copies of same projects open in workspace","2015-07-09 02:18:34"
546726,"JDT","UI","jdt-ui-inbox","RESOLVED","WORKSFORME","Additional test failures on mac in I20190424-1800","2019-04-26 02:23:17"
532961,"JDT","UI","jdt-ui-inbox","RESOLVED","WORKSFORME","[10] Organize import throws NPE when the code has a var and an intersection type","2018-03-29 03:55:30"
503304,"JDT","Core","sasikanth.bharadwaj","RESOLVED","WORKSFORME","Some of the classes in exported packages in java.base module are not resolved","2017-09-08 17:55:38"
475571,"JDT","UI","jdt-ui-inbox","RESOLVED","WORKSFORME","[dark theme] Selection in Java editor almost invisible","2017-06-02 08:35:53"
511642,"JDT","UI","jdt-ui-inbox","RESOLVED","WORKSFORME","[quick fix] Quick Fix shortcut not working even though fixes available","2017-04-14 09:26:48"
461742,"JDT","UI","jdt-ui-inbox","RESOLVED","WORKSFORME","Dead code fix incorrect","2015-03-09 13:47:15"
528438,"JDT","Text","jdt-text-inbox","RESOLVED","WORKSFORME","[toString] toString method failure","2018-03-26 11:54:40"
533275,"JDT","UI","jdt-ui-inbox","RESOLVED","WORKSFORME","[JUnit] Failure Trace hides full trace","2018-04-10 06:31:00"
467884,"JDT","Debug","jdt-debug-inbox","RESOLVED","WORKSFORME","Info message not complete in dialog box ""Instance Filter Breakpoint Selection""","2015-05-22 03:18:47"
547445,"JDT","Text","jdt-text-inbox","RESOLVED","WORKSFORME","[quick fix] Quick Fix window should remember its size","2019-05-30 10:46:23"
551345,"JDT","UI","jdt-ui-inbox","CLOSED","WORKSFORME","[tests] Assert fail with CU presnet in package between tests","2019-10-31 13:48:55"
543686,"JDT","Text","jdt-text-inbox","RESOLVED","WORKSFORME","[quick assist]  Quick Assist 'Assign statement to a new local variable' also annotates the variable","2019-01-22 13:21:46"
492782,"JDT","Core","mateusz.matela","CLOSED","WORKSFORME","Save Failed StackOverflowError TokenTraverser","2016-08-04 12:47:53"
545237,"JDT","Text","jdt-text-inbox","RESOLVED","WORKSFORME","[code templates] ${date} in template returning the wrong date","2019-03-27 12:49:53"
457577,"JDT","Text","jdt-text-inbox","RESOLVED","WORKSFORME","Can't change current code cleanup setting after creating new profile","2015-02-02 07:29:51"
519730,"JDT","UI","jdt-ui-inbox","RESOLVED","WORKSFORME","[organize imports] Organize imports stopped working after upgrading to 4.6.3","2017-08-24 06:09:27"
545474,"JDT","Text","jdt-text-inbox","RESOLVED","WORKSFORME","[content assist] The favorites seem to be reset every time the IDE starts","2019-03-21 12:50:49"
514549,"JDT","Text","jdt-text-inbox","RESOLVED","WORKSFORME","[content assist] Autocomplete removes closing parenthesis when entering semicolon after constant ending argument","2017-04-07 10:53:05"
500012,"JDT","UI","jdt-ui-inbox","RESOLVED","WORKSFORME","""empty package"" is an invention not backed by JLS","2016-09-14 14:29:21"
479439,"JDT","Text","jdt-text-inbox","RESOLVED","WORKSFORME","Import lines not show in Java Editor","2015-10-09 11:24:57"
467277,"JDT","Text","jdt-text-inbox","RESOLVED","WORKSFORME","Random line jump","2015-05-28 09:58:13"
535760,"JDT","Text","jdt-text-inbox","RESOLVED","WORKSFORME","[rulers] Print margin not showing in Java text editor","2018-06-18 11:13:18"
499510,"JDT","UI","jdt-ui-inbox","RESOLVED","WORKSFORME","last 2 methods stop displaying","2016-08-11 12:15:31"
526946,"JDT","UI","jdt-ui-inbox","RESOLVED","WORKSFORME","[package explorer] Open/Close Project on working set should be renamed","2017-11-28 09:04:07"
496283,"JDT","Debug","sarika.sinha","RESOLVED","WORKSFORME","Waiting for Eclipse Neon V4.6.0RC3","2016-06-17 01:52:37"
521741,"JDT","Text","jdt-text-inbox","RESOLVED","WORKSFORME","[projection] Java folding preferences","2017-12-21 09:29:08"
467287,"JDT","UI","jdt-ui-inbox","RESOLVED","WORKSFORME","[hovering] ""Quick fix"" options blocked by popup with ""configure annotation preferences"" and ""configure problem severity"" buttons.","2015-05-27 08:59:58"
543066,"JDT","Debug","jdt-debug-inbox","CLOSED","WORKSFORME","output ""null"" Exception","2018-12-30 20:31:25"
492140,"JDT","Text","jdt-text-inbox","RESOLVED","WORKSFORME","Feature Request - Java String Copy Paste Multiline Auto Fix","2016-04-21 04:55:58"
550679,"JDT","Doc","noopur_gupta","RESOLVED","WORKSFORME","Update JDT Tips & Tricks for 4.13","2019-09-06 05:14:52"
518602,"JDT","Text","jdt-text-inbox","RESOLVED","WORKSFORME","Anti-fold/Out-of-focus","2019-01-08 11:46:23"
543391,"JDT","Text","jdt-text-inbox","RESOLVED","WORKSFORME","[content assist] Allow an option to turn off Content Assist for comments","2019-01-13 10:56:22"
552042,"JDT","UI","jdt-ui-inbox","CLOSED","WORKSFORME","[JavaScript] Export JavaScript Code Style Formatter and CleanUp preference profiles to XML, similar to Java Code Style Formatter export","2019-10-11 14:36:55"
540154,"JDT","UI","noopur_gupta","RESOLVED","WORKSFORME","Provide keyboard shortcut to access refactor options dialog","2018-10-16 05:34:09"
487575,"JDT","Debug","daniel_megert","CLOSED","WORKSFORME","Add shortcut for Open from Clipboard","2018-04-09 11:54:14"
493965,"JDT","Core","sasikanth.bharadwaj","CLOSED","WORKSFORME","org.eclipse.jdt.internal.compiler.lookup.ReferenceBinding.isCompatibleWith0(TypeBinding, Scope) assumes explicit conversion from an interface to a class but LHS may be an interface","2018-07-31 15:00:16"
531041,"JDT","UI","noopur_gupta","RESOLVED","WORKSFORME","[10][hovering] Show inferred type of 'var' on hover","2018-03-12 06:07:35"
487724,"JDT","UI","jdt-ui-inbox","RESOLVED","WORKSFORME","[quick fix] Offer ""Remove unused import"" > ""Fix n problems of same category in file"" in Quick Fix when called via keyboard (CTRL + 1)","2016-02-15 05:57:54"
487790,"JDT","UI","jdt-ui-inbox","RESOLVED","WORKSFORME","refactor rename using 'alt' + shift + R","2016-02-15 04:23:55"
478261,"JDT","UI","jdt-ui-inbox","RESOLVED","WORKSFORME","Add context help to elements in type hierarchy","2016-04-06 04:40:53"
519840,"JDT","UI","jdt-ui-inbox","RESOLVED","WORKSFORME","add right click menu item for selecting a method in the editor","2017-07-20 08:14:06"
545515,"JDT","Text","jdt-text-inbox","RESOLVED","WORKSFORME","Selecting a variable doesn't highlights all of it's occurrences on screen - this is well exists on Eclipse on windows","2019-03-22 12:17:33"
500319,"JDT","UI","jdt-ui-inbox","RESOLVED","WORKSFORME","[getter setter] Add getters and setters at cursor position","2016-08-30 07:45:22"
482626,"JDT","Text","jdt-text-inbox","RESOLVED","WORKSFORME","[organize imports][quick fix] Eliminate Unnecessary Imports (as opposed to Reorganize Imports)","2015-11-26 09:01:09"
489247,"JDT","Core","jdt-core-inbox","RESOLVED","WORKSFORME","Allow to configure Eclipse to show an info/warning/error for new Integer() or other statements","2019-05-08 09:20:22"
532864,"JDT","Text","jdt-text-inbox","RESOLVED","WORKSFORME","Eclipse doesn't remember folding settings","2018-03-26 11:34:44"
528228,"JDT","Core","jdt-core-inbox","RESOLVED","WORKSFORME","Oxygen version with jdk9.0 runtime environment can't use the 'generate toString()' function","2019-01-09 03:38:12"
499664,"JDT","Text","jdt-text-inbox","RESOLVED","WORKSFORME","Exception trying to view outline","2018-05-01 03:58:02"